{"playerData":{"playerStats":[100.0,86.0,95.0],"playerPositionAndRotation":[114.48382568359375,1.0799999237060547,43.49858474731445,0.0,0.008991781622171402,0.0],"inventoryContent":["BigMushroom","Water","Iron","Branch","Sapphire","Crate","Ruby","Lantern","Saw"],"questsCompleted":2},"enviromentData":{"pickedUpItems":["Rock_0001","MushroomLarge_0001","Emerald_0001","Water_0001","Iron_0001","Branch_0001","Sapphire_0001","Crate_0001","Ruby_0001","Lantern_0001","Saw_0001"],"npcDespawned":["Sara1","Lulu1"]}}