{"playerData":{"playerStats":[100.0,89.0,87.0],"playerPositionAndRotation":[121.10835266113281,1.0799998044967652,70.02410888671875,0.0,-0.1097237765789032,0.0],"inventoryContent":["Iron","Emerald"]},"enviromentData":{"pickedUpItems":["Branch_0001","Iron_0001","Rock_0002","MushroomLarge_0001","Emerald_0001","Water_0001"]}}