{"playerData":{"playerStats":[100.0,98.0,98.0],"playerPositionAndRotation":[120.55008697509766,1.0799999237060547,64.8478012084961,0.0,-0.5078432559967041,0.0],"inventoryContent":["Branch","Iron","BigMushroom","Emerald","Water","BigMushroom"]},"enviromentData":{"pickedUpItems":["Branch_0001","Iron_0001","MushroomLarge_0001","Emerald_0001","Water_0001","MushroomLarge_0002"]}}