{"playerData":{"playerStats":[100.0,99.0,98.0],"playerPositionAndRotation":[106.4000015258789,1.0799998044967652,69.80000305175781,0.0,0.9728328585624695,0.0],"inventoryContent":[]},"enviromentData":{"pickedUpItems":[]}}