{"playerData":{"playerStats":[100.0,99.0,99.0],"playerPositionAndRotation":[110.50711822509766,1.0799999237060547,63.03704833984375,0.0,0.786881685256958,0.0],"inventoryContent":["Rock"]},"enviromentData":{"pickedUpItems":["Rock_0001"]}}