{"playerData":{"playerStats":[100.0,97.0,95.0],"playerPositionAndRotation":[125.22550201416016,1.0799998044967652,79.23768615722656,0.0,0.9656697511672974,0.0],"inventoryContent":[]},"enviromentData":{"pickedUpItems":["Rock_0002"]}}